
[
  {
    "id": "1",
    "parentId": null,
    "label": "MindMap Studio Core",
    "url": "https://google.com",
    "description": "This field is named 'Description' in your spreadsheet. If you see this, the mapping is working.",
    "imageUrl": "https://placehold.co/100x60/3b82f6/white?text=MindMap"
  },
  {
    "id": "2",
    "parentId": "1",
    "label": "Research & Discovery",
    "description": "Deep dive into target audience and market gaps.",
    "imageUrl": ""
  },
  {
    "id": "3",
    "parentId": "1",
    "label": "Technical Architecture",
    "url": "https://github.com",
    "description": "React + D3.js implementation details.",
    "imageUrl": "https://placehold.co/100x60/e2e8f0/64748b?text=Architecture"
  }
]
